{
    "admin/users/create-admin": "http://|USER_HELPER|/evo/acreate.php",
    "admin/users/admins": "http://|USER_HELPER|/evo/acreate.php#suspend",
    "admin/users/resellers/create": "http://|USER_HELPER|/evo/acreater.php",
    "admin/users/resellers": "http://|USER_HELPER|/evo/alistr.php",
    "admin/reseller-packages": "http://|USER_HELPER|/evo/apackages.php",
    "admin/users": "http://|USER_HELPER|/evo/ashow.php",
    "admin/users/move": "http://|USER_HELPER|/evo/alistr.php#move",
    "admin/settings": "http://|USER_HELPER|/evo/asettings.php",
    "admin/custom-httpd": "http://|USER_HELPER|/evo/asettings.php#custom",
    "admin/dns": "http://|USER_HELPER|/evo/adns.php",
    "admin/ip-manager": "http://|USER_HELPER|/evo/aip.php",
    "admin/multi-server": "http://|USER_HELPER|/evo/adns.php#multi",
    "admin/php-safe-mode": "http://|USER_HELPER|/evo/asettings.php#php",
    "admin/backups": "http://|USER_HELPER|/evo/abackup.php",
    "admin/brute-force-monitor": "http://|USER_HELPER|/evo/ainfo.php#brute",
    "admin/process-monitor": "http://|USER_HELPER|/evo/ainfo.php#process",
    "admin/mail-queue": "http://|USER_HELPER|/evo/ainfo.php#queue",
    "admin/services": "http://|USER_HELPER|/evo/ainfo.php#services",
    "admin/system-backup": "http://|USER_HELPER|/evo/asystem.php",
    "admin/cron-jobs": "http://|USER_HELPER|/evo/misc.php#cron",
    "admin/file-editor": "http://|USER_HELPER|/evo/afilemanager.php#editor",
    "admin/log-viewer": "http://|USER_HELPER|/evo/ainfo.php#log",
    "admin/stats": "http://|USER_HELPER|/evo/ausage.php",
    "admin/plugin-manager": "http://|USER_HELPER|/evo/aplugin.php",
    "admin/license": "http://|USER_HELPER|/evo/alicense.php",
    "reseller/users/create": "http://|USER_HELPER|/evo/rcreate.php",
    "reseller/users": "http://|USER_HELPER|/evo/rmodify.php",
    "reseller/user-packages": "http://|USER_HELPER|/evo/rpackages.php",
    "reseller/edit-user-message": "http://|USER_HELPER|/evo/rmodify.php#message",
    "reseller/ip-config": "http://|USER_HELPER|/evo/rip.php",
    "reseller/nameservers": "http://|USER_HELPER|/evo/rnameserver.php",
    "reseller/backups": "http://|USER_HELPER|/evo/rbackup.php",
    "reseller/message-users": "http://|USER_HELPER|/evo/rmessage.php",
    "reseller/skins": "http://|USER_HELPER|/evo/rskins.php",
    "reseller/customize-skin": "http://|USER_HELPER|/evo/evolution.php",
    "reseller/stats": "http://|USER_HELPER|/evo/rstats.php",
    "reseller/create-ticket": "http://|USER_HELPER|/evo/rcontact.php",
    "user/domains": "http://|USER_HELPER|/evo/gettingstarted.php#register",
    "user/subdomains": "http://|USER_HELPER|/evo/subdomains.php",
    "user/dns": "http://|USER_HELPER|/evo/dnssettings.php",
    "user/ssl": "http://|USER_HELPER|/evo/ssl.php",
    "user/ftp-accounts": "http://|USER_HELPER|/evo/ftp.php",
    "user/redirects": "http://|USER_HELPER|/evo/misc.php#redirect",
    "user/email/accounts": "http://|USER_HELPER|/evo/email.php",
    "user/email/forwarders": "http://|USER_HELPER|/evo/email.php#forwarders",
    "user/email/autoresponders": "http://|USER_HELPER|/evo/email.php#autoresponders",
    "user/email/vacations": "http://|USER_HELPER|/evo/email.php#vacation",
    "user/email/spamassassin": "http://|USER_HELPER|/evo/email.php#webmail",
    "user/email/filters": "http://|USER_HELPER|/evo/email.php#filters",
    "user/email/lists": "http://|USER_HELPER|/evo/email.php#majordomo",
    "user/dns/mx-records": "http://|USER_HELPER|/evo/email.php#mx",
    "user/handlers": "http://|USER_HELPER|/evo/misc.php#handlers",
    "user/backup": "http://|USER_HELPER|/evo/backup.php",
    "user/cronjobs": "http://|USER_HELPER|/evo/misc.php#cron",
    "user/error-pages": "http://|USER_HELPER|/evo/misc.php#404",
    "user/mimetypes": "http://|USER_HELPER|/evo/misc.php#mime",
    "user/security-questions": "http://|USER_HELPER|/evo/questions.php",
    "user/two-step-auth": "http://|USER_HELPER|/evo/twostep.php",
    "user/protected-directories": "http://|USER_HELPER|/evo/misc.php#password",
    "user/filemanager": "http://|USER_HELPER|/evo/filemanager.php",
    "user/perl-modules": "http://|USER_HELPER|/evo/scripts.php#perl",
    "user/stats": "http://|USER_HELPER|/evo/stats.php",
    "user/create-ticket": "http://|USER_HELPER|/evo/rcontact.php",
    "user/database/create": "http://|USER_HELPER|/evo/mysql.php",
    "user/system-info": {
        "admin": "http://|USER_HELPER|/evo/ainfo.php#info",
        "reseller": "http://|USER_HELPER|/evo/rsysinfo.php",
        "user": "http://|USER_HELPER|/evo/misc.php#serverinfo"
    },
    "reseller/passwords": {
        "admin": "http://|USER_HELPER|/evo/apassword.php",
        "reseller": "http://|USER_HELPER|/evo/rmodify.php#password"
    },
    "reseller/tickets": "http://|USER_HELPER|/evo/rmessagesystem.php",
    "user/dashboard": "http://|USER_HELPER|/evo/sitehelper.php",
    "user/domains/edit":"http://|USER_HELPER|/evo/gettingstarted.php#register",
    "user/ftp-accounts/edit":"http://|USER_HELPER|/evo/ftp.php",
    "user/database":"http://|USER_HELPER|/evo/mysql.php",
    "user/database/view":"http://|USER_HELPER|/evo/mysql.php",
    "user/domain-pointers":"http://|USER_HELPER|/evo/misc.php#pointers",
    "user/password":"http://|USER_HELPER|/evo/gettingstarted.php#change_password",
    "user/email/usage":"http://|USER_HELPER|/evo/email.php",
    "user/email/usage/php-scripts":"http://|USER_HELPER|/evo/scripts.php",
    "user/email/autoresponders/create":"http://|USER_HELPER|/evo/email.php#autoresponders",
    "user/email/vacations/modify":"http://|USER_HELPER|/evo/email.php#vacation",
    "user/email/vacations/create":"http://|USER_HELPER|/evo/email.php#vacation",
    "user/filemanager/edit":"http://|USER_HELPER|/evo/filemanager.php#edit",
    "user/filemanager/view":"http://|USER_HELPER|/evo/filemanager.php#edit",
    "user/handlers/system":"http://|USER_HELPER|/evo/misc.php#handlers",
    "user/email/catch-all":"http://|USER_HELPER|/evo/email.php#catchall",
    "user/mimetypes/system":"http://|USER_HELPER|/evo/misc.php#mime",
    "user/stats/domain-statistics":"http://|USER_HELPER|/evo/stats.php",
    "user/stats/log":"http://|USER_HELPER|/evo/stats.php",
    "user/history":"http://|USER_HELPER|/evo/stats.php",
    "user/disk-usage":"http://|USER_HELPER|/evo/stats.php",
    "user/messages":"http://|USER_HELPER|/evo/rmessagesystem.php",
    "reseller/history":"http://|USER_HELPER|/evo/rstats.php",
    "reseller/backups/schedule":"http://|USER_HELPER|/evo/rbackup.php#create",
    "reseller/backups/restore":"http://|USER_HELPER|/evo/rbackup.php#restore",
    "reseller/users/modify":"http://|USER_HELPER|/evo/rmodify.php",
    "reseller/users/view":"http://|USER_HELPER|/evo/rmodify.php",
    "reseller/users/history":"http://|USER_HELPER|/evo/rmodify.php",
    "reseller/user-packages/view":"http://|USER_HELPER|/evo/rpackages.php",
    "admin/users/resellers/view":"http://|USER_HELPER|/evo/alistr.php",
    "admin/users/resellers/modify":"http://|USER_HELPER|/evo/alistr.php",
    "admin/reseller-packages/create":"http://|USER_HELPER|/evo/apackages.php",
    "admin/custom-httpd/customize":"http://|USER_HELPER|/evo/asettings.php#custom",
    "admin/custom-httpd/view":"http://|USER_HELPER|/evo/asettings.php#custom",
    "admin/dns/add":"http://|USER_HELPER|/evo/adns.php",
    "admin/dns/edit":"http://|USER_HELPER|/evo/adns.php",
    "admin/ip-manager/details":"http://|USER_HELPER|/evo/aip.php",
    "admin/backups/schedule":"http://|USER_HELPER|/evo/abackup.php#create",
    "admin/backups/restore":"http://|USER_HELPER|/evo/abackup.php#restore",
    "admin/log-viewer/view":"http://|USER_HELPER|/evo/ainfo.php#log",
    "admin/history":"http://|USER_HELPER|/evo/ausage.php"
}